{
  "project_info": {
    "project_number": "486802705365",
    "project_id": "gymanji-2d875",
    "storage_bucket": "gymanji-2d875.appspot.com"
  },
  "client": [
    {
      "client_info": {
        "mobilesdk_app_id": "1:486802705365:android:0665a8b6f971d4339dcb5c",
        "android_client_info": {
          "package_name": "com.example.gymanji"
        }
      },
      "oauth_client": [
        {
          "client_id": "486802705365-em32a22402fea0rpk4eb580eg5kvr4ch.apps.googleusercontent.com",
          "client_type": 3
        }
      ],
      "api_key": [
        {
          "current_key": "AIzaSyCe67HrpQDtrLTe96nokS3vOIDHpcOGga8"
        }
      ],
      "services": {
        "appinvite_service": {
          "other_platform_oauth_client": [
            {
              "client_id": "486802705365-em32a22402fea0rpk4eb580eg5kvr4ch.apps.googleusercontent.com",
              "client_type": 3
            }
          ]
        }
      }
    }
  ],
  "configuration_version": "1"
}